Codigo;Fecha;CodMovim;Detalle;Letra;Id;Importe;Saldo;TipoMovim;TipoFPago;FechaVto;Operacion;CuentaContable;NroRenglonAsiento;EsPago;EsDocumento;Sucursal;DiasPromedio;PromedioReal;IDENTIFICADOR;NRO_INTERNO;ID_BIEN;TIPO_BIEN;TIPO_PLAN;TIPO_CUOTA;ANO_CUOTA;NRO_CUOTA;ESTADO_DEUDA;FECHA_ACTUALIZACION_DEUDA;NRO_OPERACION;Categoria;IdTrans;Nro_Dev;NRO_TALONARIO;FechaPago;NUMERO;NRO_RECIBO;NRO_EXPEDIENTE;CuentaContableAC;CuentaContableV;TablaLiq;NumeroPago;Dominio;ACTUALIZACION_COBRADO;NumeroPagoTmp;Observaciones;Ejercicio;FechaP;RecIntereses;MOF;LOF
0000091;2024-01-12 00:00:00;D;PAGO 2020 005 AUAU;NULL;NULL;881,45;0,00;CO;NULL;2024-01-12 00:00:00;NULL;1101;NULL;1;NULL;NULL;NULL;NULL;NULL;0300011467;0000;RRRR;01;01;0000;000;NULL;NULL;NULL;NULL;4936;NULL;NULL;NULL;0300011467;NULL;NULL;NULL;NULL;NULL;0000011476;NULL;NULL;565656;NULL;202401;NULL;NULL;NULL;NULL
0000000;2023-12-29 00:00:00;D;PAGO 0000 000 xxxx;NULL;NULL;3400,00;0,00;CO;NULL;2023-12-29 00:00:00;NULL;1101;NULL;1;NULL;NULL;NULL;NULL;NULL;2500000560;0000;RRRR;01;01;0000;000;NULL;NULL;NULL;NULL;4967;NULL;NULL;NULL;2500000560;NULL;NULL;NULL;NULL;NULL;0000000000;NULL;NULL;565656;NULL;202312;NULL;NULL;NULL;NULL
0000089;2023-03-03 00:00:00;D;PAGO 2023 000 AUAU;NULL;NULL;98716,13;0,00;CO;NULL;2023-03-03 00:00:00;NULL;1101;NULL;1;NULL;NULL;NULL;NULL;NULL;0300011359;0000;RRRR;01;01;0000;000;NULL;NULL;NULL;NULL;4998;NULL;NULL;NULL;0300011359;NULL;NULL;NULL;NULL;NULL;0000000000;NULL;NULL;565656;NULL;202303;NULL;NULL;NULL;NULL
0000022;2023-02-13 00:00:00;D;PAGO 2020 002 OBSA;NULL;NULL;835,38;0,00;CO;NULL;2023-02-13 00:00:00;NULL;1101;NULL;1;NULL;NULL;NULL;NULL;NULL;0500000160;0000;RRRR;01;01;0000;000;NULL;NULL;NULL;NULL;5029;NULL;NULL;NULL;0500000160;NULL;NULL;NULL;NULL;NULL;0000004822;NULL;NULL;565656;NULL;202302;NULL;NULL;NULL;NULL
0000000;2022-11-04 00:00:00;D;PAGO 0000 000 xxxx;NULL;NULL;2380,00;0,00;CO;NULL;2022-11-04 00:00:00;NULL;1101;NULL;1;NULL;NULL;NULL;NULL;NULL;2500000341;0000;RRRR;01;01;0000;000;NULL;NULL;NULL;NULL;5060;NULL;NULL;NULL;2500000341;NULL;NULL;NULL;NULL;NULL;0000000000;NULL;NULL;565656;NULL;202211;NULL;NULL;NULL;NULL
0000032;2022-09-28 00:00:00;D;PAGO 2022 002 OBSA;NULL;NULL;862,40;0,00;CO;NULL;2022-09-28 00:00:00;NULL;1101;NULL;1;NULL;NULL;NULL;NULL;NULL;0500002719;0000;RRRR;01;01;0000;000;NULL;NULL;NULL;NULL;5091;NULL;NULL;NULL;0500002719;NULL;NULL;NULL;NULL;NULL;0000003153;NULL;NULL;565656;NULL;202209;NULL;NULL;NULL;NULL
0000057;2022-09-09 00:00:00;D;PAGO 2021 003 ININ;NULL;NULL;557,19;0,00;CO;NULL;2022-09-09 00:00:00;NULL;1101;NULL;1;NULL;NULL;NULL;NULL;NULL;0100011010;0000;RRRR;01;01;0000;000;NULL;NULL;NULL;NULL;5122;NULL;NULL;NULL;0100011010;NULL;NULL;NULL;NULL;NULL;0000011563;NULL;NULL;565656;NULL;202209;NULL;NULL;NULL;NULL
0000019;2022-09-06 00:00:00;D;PAGO 2022 003 OBSA;NULL;NULL;799,26;0,00;CO;NULL;2022-09-06 00:00:00;NULL;1101;NULL;1;NULL;NULL;NULL;NULL;NULL;0500001645;0000;RRRR;01;01;0000;000;NULL;NULL;NULL;NULL;5153;NULL;NULL;NULL;0500001645;NULL;NULL;NULL;NULL;NULL;0000003136;NULL;NULL;565656;NULL;202209;NULL;NULL;NULL;NULL
0000019;2022-09-06 00:00:00;D;PAGO 2020 002 ININ;NULL;NULL;1142,19;0,00;CO;NULL;2022-09-06 00:00:00;NULL;1101;NULL;1;NULL;NULL;NULL;NULL;NULL;0100010099;0000;RRRR;01;01;0000;000;NULL;NULL;NULL;NULL;5184;NULL;NULL;NULL;0100010099;NULL;NULL;NULL;NULL;NULL;0000011561;NULL;NULL;565656;NULL;202209;NULL;NULL;NULL;NULL
0000043;2022-08-29 00:00:00;D;PAGO 2017 004 ININ;NULL;NULL;815,40;0,00;CO;NULL;2022-08-29 00:00:00;NULL;1101;NULL;1;NULL;NULL;NULL;NULL;NULL;0100003104;0000;RRRR;01;01;0000;000;NULL;NULL;NULL;NULL;5215;NULL;NULL;NULL;0100003104;NULL;NULL;NULL;NULL;NULL;0000011558;NULL;NULL;565656;NULL;202208;NULL;NULL;NULL;NULL
0000043;2022-08-29 00:00:00;D;PAGO 2010 001 ININ;NULL;NULL;206,40;0,00;CO;NULL;2022-08-29 00:00:00;NULL;1101;NULL;1;NULL;NULL;NULL;NULL;NULL;0100000985;0000;RRRR;01;01;0000;000;NULL;NULL;NULL;NULL;5246;NULL;NULL;NULL;0100000985;NULL;NULL;NULL;NULL;NULL;0000011558;NULL;NULL;565656;NULL;202208;NULL;NULL;NULL;NULL
0000074;2022-08-05 00:00:00;D;PAGO 2021 004 ININ;NULL;NULL;1011,06;0,00;CO;NULL;2022-08-05 00:00:00;NULL;1101;NULL;1;NULL;NULL;NULL;NULL;NULL;0100011091;0000;RRRR;01;01;0000;000;NULL;NULL;NULL;NULL;5277;NULL;NULL;NULL;0100011091;NULL;NULL;NULL;NULL;NULL;0000011556;NULL;NULL;565656;NULL;202208;NULL;NULL;NULL;NULL
0000000;2022-07-01 00:00:00;D;PAGO 0000 000 xxxx;NULL;NULL;1960,00;0,00;CO;NULL;2022-07-01 00:00:00;NULL;1101;NULL;1;NULL;NULL;NULL;NULL;NULL;2500000287;0000;RRRR;01;01;0000;000;NULL;NULL;NULL;NULL;5308;NULL;NULL;NULL;2500000287;NULL;NULL;NULL;NULL;NULL;0000000000;NULL;NULL;565656;NULL;202207;NULL;NULL;NULL;NULL
0000127;2022-06-03 00:00:00;D;PAGO 2022 003 AUAU;NULL;NULL;3374,92;0,00;CO;NULL;2022-06-03 00:00:00;NULL;1101;NULL;1;NULL;NULL;NULL;NULL;NULL;0300011147;0000;RRRR;01;01;0000;000;NULL;NULL;NULL;NULL;5339;NULL;NULL;NULL;0300011147;NULL;NULL;NULL;NULL;NULL;0000011250;NULL;NULL;565656;NULL;202206;NULL;NULL;NULL;NULL
0000059;2022-05-11 00:00:00;D;PAGO 2022 004 ININ;NULL;NULL;1150,00;0,00;CO;NULL;2022-05-11 00:00:00;NULL;1101;NULL;1;NULL;NULL;NULL;NULL;NULL;0100011456;0000;RRRR;01;01;0000;000;NULL;NULL;NULL;NULL;5370;NULL;NULL;NULL;0100011456;NULL;NULL;NULL;NULL;NULL;0000011551;NULL;NULL;565656;NULL;202205;NULL;NULL;NULL;NULL
0000083;2022-04-18 00:00:00;D;PAGO 2022 002 AUAU;NULL;NULL;7262,30;0,00;CO;NULL;2022-04-18 00:00:00;NULL;1101;NULL;1;NULL;NULL;NULL;NULL;NULL;0300011188;0000;RRRR;01;01;0000;000;NULL;NULL;NULL;NULL;5401;NULL;NULL;NULL;0300011188;NULL;NULL;NULL;NULL;NULL;0000000000;NULL;NULL;565656;NULL;202204;NULL;NULL;NULL;NULL
0000078;2023-03-03 00:00:00;D;PAGO 2023 001 AUAU;NULL;NULL;362,66;0,00;CO;NULL;2023-03-03 00:00:00;NULL;1101;NULL;1;NULL;NULL;NULL;NULL;NULL;0300011339;0000;RRRR;01;01;0000;000;NULL;NULL;NULL;NULL;4999;NULL;NULL;NULL;0300011339;NULL;NULL;NULL;NULL;NULL;0000000000;NULL;NULL;565656;NULL;202303;NULL;NULL;NULL;NULL
0000061;2023-03-03 00:00:00;D;PAGO 2023 000 OBSA;NULL;NULL;5940,00;0,00;CO;NULL;2023-03-03 00:00:00;NULL;1101;NULL;1;NULL;NULL;NULL;NULL;NULL;0500004675;0000;RRRR;01;01;0000;000;NULL;NULL;NULL;NULL;5000;NULL;NULL;NULL;0500004675;NULL;NULL;NULL;NULL;NULL;0000000000;NULL;NULL;565656;NULL;202303;NULL;NULL;NULL;NULL
0000061;2023-03-03 00:00:00;D;PAGO 2023 000 ININ;NULL;NULL;5940,00;0,00;CO;NULL;2023-03-03 00:00:00;NULL;1101;NULL;1;NULL;NULL;NULL;NULL;NULL;0100011894;0000;RRRR;01;01;0000;000;NULL;NULL;NULL;NULL;5001;NULL;NULL;NULL;0100011894;NULL;NULL;NULL;NULL;NULL;0000000000;NULL;NULL;565656;NULL;202303;NULL;NULL;NULL;NULL
0000016;2023-03-03 00:00:00;D;PAGO 2023 000 ININ;NULL;NULL;2970,00;0,00;CO;NULL;2023-03-03 00:00:00;NULL;1101;NULL;1;NULL;NULL;NULL;NULL;NULL;0100011654;0000;RRRR;01;01;0000;000;NULL;NULL;NULL;NULL;5002;NULL;NULL;NULL;0100011654;NULL;NULL;NULL;NULL;NULL;0000011979;NULL;NULL;565656;NULL;202303;NULL;NULL;NULL;NULL
0000016;2023-03-03 00:00:00;D;PAGO 2022 004 ININ;NULL;NULL;619,85;0,00;CO;NULL;2023-03-03 00:00:00;NULL;1101;NULL;1;NULL;NULL;NULL;NULL;NULL;0100011226;0000;RRRR;01;01;0000;000;NULL;NULL;NULL;NULL;5003;NULL;NULL;NULL;0100011226;NULL;NULL;NULL;NULL;NULL;0000011979;NULL;NULL;565656;NULL;202303;NULL;NULL;NULL;NULL
0000016;2023-03-03 00:00:00;D;PAGO 2022 003 ININ;NULL;NULL;672,18;0,00;CO;NULL;2023-03-03 00:00:00;NULL;1101;NULL;1;NULL;NULL;NULL;NULL;NULL;0100011225;0000;RRRR;01;01;0000;000;NULL;NULL;NULL;NULL;5004;NULL;NULL;NULL;0100011225;NULL;NULL;NULL;NULL;NULL;0000011979;NULL;NULL;565656;NULL;202303;NULL;NULL;NULL;NULL
0000016;2023-03-03 00:00:00;D;PAGO 2022 002 ININ;NULL;NULL;725,08;0,00;CO;NULL;2023-03-03 00:00:00;NULL;1101;NULL;1;NULL;NULL;NULL;NULL;NULL;0100011224;0000;RRRR;01;01;0000;000;NULL;NULL;NULL;NULL;5005;NULL;NULL;NULL;0100011224;NULL;NULL;NULL;NULL;NULL;0000011979;NULL;NULL;565656;NULL;202303;NULL;NULL;NULL;NULL
0000016;2023-03-03 00:00:00;D;PAGO 2022 001 ININ;NULL;NULL;777,98;0,00;CO;NULL;2023-03-03 00:00:00;NULL;1101;NULL;1;NULL;NULL;NULL;NULL;NULL;0100011223;0000;RRRR;01;01;0000;000;NULL;NULL;NULL;NULL;5006;NULL;NULL;NULL;0100011223;NULL;NULL;NULL;NULL;NULL;0000011979;NULL;NULL;565656;NULL;202303;NULL;NULL;NULL;NULL
0000016;2023-03-03 00:00:00;D;PAGO 2021 004 ININ;NULL;NULL;591,63;0,00;CO;NULL;2023-03-03 00:00:00;NULL;1101;NULL;1;NULL;NULL;NULL;NULL;NULL;0100010791;0000;RRRR;01;01;0000;000;NULL;NULL;NULL;NULL;5007;NULL;NULL;NULL;0100010791;NULL;NULL;NULL;NULL;NULL;0000011979;NULL;NULL;565656;NULL;202303;NULL;NULL;NULL;NULL
0000016;2023-03-03 00:00:00;D;PAGO 2021 003 ININ;NULL;NULL;628,94;0,00;CO;NULL;2023-03-03 00:00:00;NULL;1101;NULL;1;NULL;NULL;NULL;NULL;NULL;0100010790;0000;RRRR;01;01;0000;000;NULL;NULL;NULL;NULL;5008;NULL;NULL;NULL;0100010790;NULL;NULL;NULL;NULL;NULL;0000011979;NULL;NULL;565656;NULL;202303;NULL;NULL;NULL;NULL
0000016;2023-03-03 00:00:00;D;PAGO 2021 002 ININ;NULL;NULL;666,66;0,00;CO;NULL;2023-03-03 00:00:00;NULL;1101;NULL;1;NULL;NULL;NULL;NULL;NULL;0100010789;0000;RRRR;01;01;0000;000;NULL;NULL;NULL;NULL;5009;NULL;NULL;NULL;0100010789;NULL;NULL;NULL;NULL;NULL;0000011979;NULL;NULL;565656;NULL;202303;NULL;NULL;NULL;NULL
0000000;2023-03-03 00:00:00;D;PAGO 0000 000 xxxx;NULL;NULL;3600,00;0,00;CO;NULL;2023-03-03 00:00:00;NULL;1101;NULL;1;NULL;NULL;NULL;NULL;NULL;2500000406;0000;RRRR;01;01;0000;000;NULL;NULL;NULL;NULL;5010;NULL;NULL;NULL;2500000406;NULL;NULL;NULL;NULL;NULL;0000000000;NULL;NULL;565656;NULL;202303;NULL;NULL;NULL;NULL
0000000;2023-03-02 00:00:00;D;PAGO 0000 000 xxxx;NULL;NULL;3100,00;0,00;CO;NULL;2023-03-02 00:00:00;NULL;1101;NULL;1;NULL;NULL;NULL;NULL;NULL;2500000405;0000;RRRR;01;01;0000;000;NULL;NULL;NULL;NULL;5011;NULL;NULL;NULL;2500000405;NULL;NULL;NULL;NULL;NULL;0000000000;NULL;NULL;565656;NULL;202303;NULL;NULL;NULL;NULL
0000008;2023-02-28 00:00:00;D;PAGO 2022 006 OBSA;NULL;NULL;791,56;0,00;CO;NULL;2023-02-28 00:00:00;NULL;1101;NULL;1;NULL;NULL;NULL;NULL;NULL;0500001503;0000;RRRR;01;01;0000;000;NULL;NULL;NULL;NULL;5012;NULL;NULL;NULL;0500001503;NULL;NULL;NULL;NULL;NULL;0000004824;NULL;NULL;565656;NULL;202302;NULL;NULL;NULL;NULL
0000000;2023-02-27 00:00:00;D;PAGO 0000 000 xxxx;NULL;NULL;2700,00;0,00;CO;NULL;2023-02-27 00:00:00;NULL;1101;NULL;1;NULL;NULL;NULL;NULL;NULL;2500000404;0000;RRRR;01;01;0000;000;NULL;NULL;NULL;NULL;5013;NULL;NULL;NULL;2500000404;NULL;NULL;NULL;NULL;NULL;0000000000;NULL;NULL;565656;NULL;202302;NULL;NULL;NULL;NULL
0000052;2023-02-23 00:00:00;D;PAGO 2023 000 ININ;NULL;NULL;2970,00;0,00;CO;NULL;2023-02-23 00:00:00;NULL;1101;NULL;1;NULL;NULL;NULL;NULL;NULL;0100011849;0000;RRRR;01;01;0000;000;NULL;NULL;NULL;NULL;5014;NULL;NULL;NULL;0100011849;NULL;NULL;NULL;NULL;NULL;0000000000;NULL;NULL;565656;NULL;202302;NULL;NULL;NULL;NULL
0000052;2023-02-23 00:00:00;D;PAGO 2023 000 ININ;NULL;NULL;2970,00;0,00;CO;NULL;2023-02-23 00:00:00;NULL;1101;NULL;1;NULL;NULL;NULL;NULL;NULL;0100011844;0000;RRRR;01;01;0000;000;NULL;NULL;NULL;NULL;5015;NULL;NULL;NULL;0100011844;NULL;NULL;NULL;NULL;NULL;0000000000;NULL;NULL;565656;NULL;202302;NULL;NULL;NULL;NULL
0000000;2023-02-22 00:00:00;D;PAGO 0000 000 xxxx;NULL;NULL;3100,00;0,00;CO;NULL;2023-02-22 00:00:00;NULL;1101;NULL;1;NULL;NULL;NULL;NULL;NULL;2500000403;0000;RRRR;01;01;0000;000;NULL;NULL;NULL;NULL;5016;NULL;NULL;NULL;2500000403;NULL;NULL;NULL;NULL;NULL;0000000000;NULL;NULL;565656;NULL;202302;NULL;NULL;NULL;NULL
0000000;2023-02-17 00:00:00;D;PAGO 0000 000 xxxx;NULL;NULL;2700,00;0,00;CO;NULL;2023-02-17 00:00:00;NULL;1101;NULL;1;NULL;NULL;NULL;NULL;NULL;2500000402;0000;RRRR;01;01;0000;000;NULL;NULL;NULL;NULL;5017;NULL;NULL;NULL;2500000402;NULL;NULL;NULL;NULL;NULL;0000000000;NULL;NULL;565656;NULL;202302;NULL;NULL;NULL;NULL
0000000;2023-02-17 00:00:00;D;PAGO 0000 000 xxxx;NULL;NULL;2700,00;0,00;CO;NULL;2023-02-17 00:00:00;NULL;1101;NULL;1;NULL;NULL;NULL;NULL;NULL;2500000401;0000;RRRR;01;01;0000;000;NULL;NULL;NULL;NULL;5018;NULL;NULL;NULL;2500000401;NULL;NULL;NULL;NULL;NULL;0000000000;NULL;NULL;565656;NULL;202302;NULL;NULL;NULL;NULL
0000000;2023-02-17 00:00:00;D;PAGO 0000 000 xxxx;NULL;NULL;2500,00;0,00;CO;NULL;2023-02-17 00:00:00;NULL;1101;NULL;1;NULL;NULL;NULL;NULL;NULL;2500000400;0000;RRRR;01;01;0000;000;NULL;NULL;NULL;NULL;5019;NULL;NULL;NULL;2500000400;NULL;NULL;NULL;NULL;NULL;0000000000;NULL;NULL;565656;NULL;202302;NULL;NULL;NULL;NULL
0000000;2023-02-17 00:00:00;D;PAGO 0000 000 xxxx;NULL;NULL;2500,00;0,00;CO;NULL;2023-02-17 00:00:00;NULL;1101;NULL;1;NULL;NULL;NULL;NULL;NULL;2500000399;0000;RRRR;01;01;0000;000;NULL;NULL;NULL;NULL;5020;NULL;NULL;NULL;2500000399;NULL;NULL;NULL;NULL;NULL;0000000000;NULL;NULL;565656;NULL;202302;NULL;NULL;NULL;NULL
0000000;2023-02-17 00:00:00;D;PAGO 0000 000 xxxx;NULL;NULL;2500,00;0,00;CO;NULL;2023-02-17 00:00:00;NULL;1101;NULL;1;NULL;NULL;NULL;NULL;NULL;2500000398;0000;RRRR;01;01;0000;000;NULL;NULL;NULL;NULL;5021;NULL;NULL;NULL;2500000398;NULL;NULL;NULL;NULL;NULL;0000000000;NULL;NULL;565656;NULL;202302;NULL;NULL;NULL;NULL
0000000;2023-02-15 00:00:00;D;PAGO 0000 000 xxxx;NULL;NULL;2700,00;0,00;CO;NULL;2023-02-15 00:00:00;NULL;1101;NULL;1;NULL;NULL;NULL;NULL;NULL;2500000397;0000;RRRR;01;01;0000;000;NULL;NULL;NULL;NULL;5022;NULL;NULL;NULL;2500000397;NULL;NULL;NULL;NULL;NULL;0000000000;NULL;NULL;565656;NULL;202302;NULL;NULL;NULL;NULL
0000000;2023-02-15 00:00:00;D;PAGO 0000 000 xxxx;NULL;NULL;2500,00;0,00;CO;NULL;2023-02-15 00:00:00;NULL;1101;NULL;1;NULL;NULL;NULL;NULL;NULL;2500000396;0000;RRRR;01;01;0000;000;NULL;NULL;NULL;NULL;5023;NULL;NULL;NULL;2500000396;NULL;NULL;NULL;NULL;NULL;0000000000;NULL;NULL;565656;NULL;202302;NULL;NULL;NULL;NULL
0000000;2023-02-15 00:00:00;D;PAGO 0000 000 xxxx;NULL;NULL;2700,00;0,00;CO;NULL;2023-02-15 00:00:00;NULL;1101;NULL;1;NULL;NULL;NULL;NULL;NULL;2500000395;0000;RRRR;01;01;0000;000;NULL;NULL;NULL;NULL;5024;NULL;NULL;NULL;2500000395;NULL;NULL;NULL;NULL;NULL;0000000000;NULL;NULL;565656;NULL;202302;NULL;NULL;NULL;NULL
0000121;2023-02-14 00:00:00;D;PAGO 2023 000 AUAU;NULL;NULL;10390,11;0,00;CO;NULL;2023-02-14 00:00:00;NULL;1101;NULL;1;NULL;NULL;NULL;NULL;NULL;0300011310;0000;RRRR;01;01;0000;000;NULL;NULL;NULL;NULL;5025;NULL;NULL;NULL;0300011310;NULL;NULL;NULL;NULL;NULL;0000000000;NULL;NULL;565656;NULL;202302;NULL;NULL;NULL;NULL
0000022;2023-02-13 00:00:00;D;PAGO 2020 006 OBSA;NULL;NULL;732,48;0,00;CO;NULL;2023-02-13 00:00:00;NULL;1101;NULL;1;NULL;NULL;NULL;NULL;NULL;0500000164;0000;RRRR;01;01;0000;000;NULL;NULL;NULL;NULL;5026;NULL;NULL;NULL;0500000164;NULL;NULL;NULL;NULL;NULL;0000004822;NULL;NULL;565656;NULL;202302;NULL;NULL;NULL;NULL
0000022;2023-02-13 00:00:00;D;PAGO 2020 005 OBSA;NULL;NULL;758,10;0,00;CO;NULL;2023-02-13 00:00:00;NULL;1101;NULL;1;NULL;NULL;NULL;NULL;NULL;0500000163;0000;RRRR;01;01;0000;000;NULL;NULL;NULL;NULL;5027;NULL;NULL;NULL;0500000163;NULL;NULL;NULL;NULL;NULL;0000004822;NULL;NULL;565656;NULL;202302;NULL;NULL;NULL;NULL
0000022;2023-02-13 00:00:00;D;PAGO 2020 003 OBSA;NULL;NULL;809,76;0,00;CO;NULL;2023-02-13 00:00:00;NULL;1101;NULL;1;NULL;NULL;NULL;NULL;NULL;0500000161;0000;RRRR;01;01;0000;000;NULL;NULL;NULL;NULL;5028;NULL;NULL;NULL;0500000161;NULL;NULL;NULL;NULL;NULL;0000004822;NULL;NULL;565656;NULL;202302;NULL;NULL;NULL;NULL
0000022;2023-02-13 00:00:00;D;PAGO 2020 001 OBSA;NULL;NULL;847,98;0,00;CO;NULL;2023-02-13 00:00:00;NULL;1101;NULL;1;NULL;NULL;NULL;NULL;NULL;0500000159;0000;RRRR;01;01;0000;000;NULL;NULL;NULL;NULL;5030;NULL;NULL;NULL;0500000159;NULL;NULL;NULL;NULL;NULL;0000004822;NULL;NULL;565656;NULL;202302;NULL;NULL;NULL;NULL
0000022;2023-02-13 00:00:00;D;PAGO 2019 006 OBSA;NULL;NULL;633,00;0,00;CO;NULL;2023-02-13 00:00:00;NULL;1101;NULL;1;NULL;NULL;NULL;NULL;NULL;0500004572;0000;RRRR;01;01;0000;000;NULL;NULL;NULL;NULL;5031;NULL;NULL;NULL;0500004572;NULL;NULL;NULL;NULL;NULL;0000004822;NULL;NULL;565656;NULL;202302;NULL;NULL;NULL;NULL
0000022;2023-02-13 00:00:00;D;PAGO 2019 005 OBSA;NULL;NULL;651,30;0,00;CO;NULL;2023-02-13 00:00:00;NULL;1101;NULL;1;NULL;NULL;NULL;NULL;NULL;0500004518;0000;RRRR;01;01;0000;000;NULL;NULL;NULL;NULL;5032;NULL;NULL;NULL;0500004518;NULL;NULL;NULL;NULL;NULL;0000004822;NULL;NULL;565656;NULL;202302;NULL;NULL;NULL;NULL
0000022;2023-02-13 00:00:00;D;PAGO 2019 004 OBSA;NULL;NULL;669,60;0,00;CO;NULL;2023-02-13 00:00:00;NULL;1101;NULL;1;NULL;NULL;NULL;NULL;NULL;0500004464;0000;RRRR;01;01;0000;000;NULL;NULL;NULL;NULL;5033;NULL;NULL;NULL;0500004464;NULL;NULL;NULL;NULL;NULL;0000004822;NULL;NULL;565656;NULL;202302;NULL;NULL;NULL;NULL
0000022;2023-02-13 00:00:00;D;PAGO 2019 003 OBSA;NULL;NULL;688,20;0,00;CO;NULL;2023-02-13 00:00:00;NULL;1101;NULL;1;NULL;NULL;NULL;NULL;NULL;0500004410;0000;RRRR;01;01;0000;000;NULL;NULL;NULL;NULL;5034;NULL;NULL;NULL;0500004410;NULL;NULL;NULL;NULL;NULL;0000004822;NULL;NULL;565656;NULL;202302;NULL;NULL;NULL;NULL
0000022;2023-02-13 00:00:00;D;PAGO 2019 002 OBSA;NULL;NULL;706,50;0,00;CO;NULL;2023-02-13 00:00:00;NULL;1101;NULL;1;NULL;NULL;NULL;NULL;NULL;0500004356;0000;RRRR;01;01;0000;000;NULL;NULL;NULL;NULL;5035;NULL;NULL;NULL;0500004356;NULL;NULL;NULL;NULL;NULL;0000004822;NULL;NULL;565656;NULL;202302;NULL;NULL;NULL;NULL
0000022;2023-02-13 00:00:00;D;PAGO 2019 001 OBSA;NULL;NULL;724,80;0,00;CO;NULL;2023-02-13 00:00:00;NULL;1101;NULL;1;NULL;NULL;NULL;NULL;NULL;0500004302;0000;RRRR;01;01;0000;000;NULL;NULL;NULL;NULL;5036;NULL;NULL;NULL;0500004302;NULL;NULL;NULL;NULL;NULL;0000004822;NULL;NULL;565656;NULL;202302;NULL;NULL;NULL;NULL
0000022;2023-02-13 00:00:00;D;PAGO 2018 006 OBSA;NULL;NULL;618,75;0,00;CO;NULL;2023-02-13 00:00:00;NULL;1101;NULL;1;NULL;NULL;NULL;NULL;NULL;0500004205;0000;RRRR;01;01;0000;000;NULL;NULL;NULL;NULL;5037;NULL;NULL;NULL;0500004205;NULL;NULL;NULL;NULL;NULL;0000004822;NULL;NULL;565656;NULL;202302;NULL;NULL;NULL;NULL
0000022;2023-02-13 00:00:00;D;PAGO 2018 005 OBSA;NULL;NULL;634,00;0,00;CO;NULL;2023-02-13 00:00:00;NULL;1101;NULL;1;NULL;NULL;NULL;NULL;NULL;0500004153;0000;RRRR;01;01;0000;000;NULL;NULL;NULL;NULL;5038;NULL;NULL;NULL;0500004153;NULL;NULL;NULL;NULL;NULL;0000004822;NULL;NULL;565656;NULL;202302;NULL;NULL;NULL;NULL
0000022;2023-02-13 00:00:00;D;PAGO 2018 004 OBSA;NULL;NULL;649,25;0,00;CO;NULL;2023-02-13 00:00:00;NULL;1101;NULL;1;NULL;NULL;NULL;NULL;NULL;0500004101;0000;RRRR;01;01;0000;000;NULL;NULL;NULL;NULL;5039;NULL;NULL;NULL;0500004101;NULL;NULL;NULL;NULL;NULL;0000004822;NULL;NULL;565656;NULL;202302;NULL;NULL;NULL;NULL
0000022;2023-02-13 00:00:00;D;PAGO 2017 006 OBSA;NULL;NULL;568,00;0,00;CO;NULL;2023-02-13 00:00:00;NULL;1101;NULL;1;NULL;NULL;NULL;NULL;NULL;0500003887;0000;RRRR;01;01;0000;000;NULL;NULL;NULL;NULL;5040;NULL;NULL;NULL;0500003887;NULL;NULL;NULL;NULL;NULL;0000004822;NULL;NULL;565656;NULL;202302;NULL;NULL;NULL;NULL
0000000;2023-02-13 00:00:00;D;PAGO 0000 000 xxxx;NULL;NULL;2900,00;0,00;CO;NULL;2023-02-13 00:00:00;NULL;1101;NULL;1;NULL;NULL;NULL;NULL;NULL;2500000394;0000;RRRR;01;01;0000;000;NULL;NULL;NULL;NULL;5041;NULL;NULL;NULL;2500000394;NULL;NULL;NULL;NULL;NULL;0000000000;NULL;NULL;565656;NULL;202302;NULL;NULL;NULL;NULL
0000000;2023-02-08 00:00:00;D;PAGO 0000 000 xxxx;NULL;NULL;900,00;0,00;CO;NULL;2023-02-08 00:00:00;NULL;1101;NULL;1;NULL;NULL;NULL;NULL;NULL;2500000393;0000;RRRR;01;01;0000;000;NULL;NULL;NULL;NULL;5042;NULL;NULL;NULL;2500000393;NULL;NULL;NULL;NULL;NULL;0000000000;NULL;NULL;565656;NULL;202302;NULL;NULL;NULL;NULL
0000000;2023-02-08 00:00:00;D;PAGO 0000 000 xxxx;NULL;NULL;650,00;0,00;CO;NULL;2023-02-08 00:00:00;NULL;1101;NULL;1;NULL;NULL;NULL;NULL;NULL;2500000392;0000;RRRR;01;01;0000;000;NULL;NULL;NULL;NULL;5043;NULL;NULL;NULL;2500000392;NULL;NULL;NULL;NULL;NULL;0000000000;NULL;NULL;565656;NULL;202302;NULL;NULL;NULL;NULL
0000335;2023-02-08 00:00:00;D;PAGO 2023 000 OBSA;NULL;NULL;5940,00;0,00;CO;NULL;2023-02-08 00:00:00;NULL;1101;NULL;1;NULL;NULL;NULL;NULL;NULL;0500004689;0000;RRRR;01;01;0000;000;NULL;NULL;NULL;NULL;5044;NULL;NULL;NULL;0500004689;NULL;NULL;NULL;NULL;NULL;0000000000;NULL;NULL;565656;NULL;202302;NULL;NULL;NULL;NULL
0000059;2023-02-08 00:00:00;D;PAGO 2023 000 ININ;NULL;NULL;5940,00;0,00;CO;NULL;2023-02-08 00:00:00;NULL;1101;NULL;1;NULL;NULL;NULL;NULL;NULL;0100011904;0000;RRRR;01;01;0000;000;NULL;NULL;NULL;NULL;5045;NULL;NULL;NULL;0100011904;NULL;NULL;NULL;NULL;NULL;0000000000;NULL;NULL;565656;NULL;202302;NULL;NULL;NULL;NULL
0000059;2023-02-08 00:00:00;D;PAGO 2023 000 ININ;NULL;NULL;5940,00;0,00;CO;NULL;2023-02-08 00:00:00;NULL;1101;NULL;1;NULL;NULL;NULL;NULL;NULL;0100011884;0000;RRRR;01;01;0000;000;NULL;NULL;NULL;NULL;5046;NULL;NULL;NULL;0100011884;NULL;NULL;NULL;NULL;NULL;0000000000;NULL;NULL;565656;NULL;202302;NULL;NULL;NULL;NULL
0000029;2022-11-23 00:00:00;D;PAGO 2022 005 OBSA;NULL;NULL;770,00;0,00;CO;NULL;2022-11-23 00:00:00;NULL;1101;NULL;1;NULL;NULL;NULL;NULL;NULL;0500001832;0000;RRRR;01;01;0000;000;NULL;NULL;NULL;NULL;5047;NULL;NULL;NULL;0500001832;NULL;NULL;NULL;NULL;NULL;0000000000;NULL;NULL;565656;NULL;202211;NULL;NULL;NULL;NULL
0000005;2022-11-23 00:00:00;D;PAGO 2022 005 OBSA;NULL;NULL;770,00;0,00;CO;NULL;2022-11-23 00:00:00;NULL;1101;NULL;1;NULL;NULL;NULL;NULL;NULL;0500001481;0000;RRRR;01;01;0000;000;NULL;NULL;NULL;NULL;5048;NULL;NULL;NULL;0500001481;NULL;NULL;NULL;NULL;NULL;0000000000;NULL;NULL;565656;NULL;202211;NULL;NULL;NULL;NULL
0000010;2022-11-23 00:00:00;D;PAGO 2022 004 OBSA;NULL;NULL;811,58;0,00;CO;NULL;2022-11-23 00:00:00;NULL;1101;NULL;1;NULL;NULL;NULL;NULL;NULL;0500001515;0000;RRRR;01;01;0000;000;NULL;NULL;NULL;NULL;5049;NULL;NULL;NULL;0500001515;NULL;NULL;NULL;NULL;NULL;0000003177;NULL;NULL;565656;NULL;202211;NULL;NULL;NULL;NULL
0000010;2022-11-23 00:00:00;D;PAGO 2022 003 OBSA;NULL;NULL;859,32;0,00;CO;NULL;2022-11-23 00:00:00;NULL;1101;NULL;1;NULL;NULL;NULL;NULL;NULL;0500001514;0000;RRRR;01;01;0000;000;NULL;NULL;NULL;NULL;5050;NULL;NULL;NULL;0500001514;NULL;NULL;NULL;NULL;NULL;0000003177;NULL;NULL;565656;NULL;202211;NULL;NULL;NULL;NULL
0000010;2022-11-23 00:00:00;D;PAGO 2022 002 OBSA;NULL;NULL;905,52;0,00;CO;NULL;2022-11-23 00:00:00;NULL;1101;NULL;1;NULL;NULL;NULL;NULL;NULL;0500001513;0000;RRRR;01;01;0000;000;NULL;NULL;NULL;NULL;5051;NULL;NULL;NULL;0500001513;NULL;NULL;NULL;NULL;NULL;0000003177;NULL;NULL;565656;NULL;202211;NULL;NULL;NULL;NULL
0000010;2022-11-23 00:00:00;D;PAGO 2022 005 OBSA;NULL;NULL;770,00;0,00;CO;NULL;2022-11-23 00:00:00;NULL;1101;NULL;1;NULL;NULL;NULL;NULL;NULL;0500001516;0000;RRRR;01;01;0000;000;NULL;NULL;NULL;NULL;5052;NULL;NULL;NULL;0500001516;NULL;NULL;NULL;NULL;NULL;0000000000;NULL;NULL;565656;NULL;202211;NULL;NULL;NULL;NULL
0000008;2022-11-23 00:00:00;D;PAGO 2022 005 OBSA;NULL;NULL;770,00;0,00;CO;NULL;2022-11-23 00:00:00;NULL;1101;NULL;1;NULL;NULL;NULL;NULL;NULL;0500001502;0000;RRRR;01;01;0000;000;NULL;NULL;NULL;NULL;5053;NULL;NULL;NULL;0500001502;NULL;NULL;NULL;NULL;NULL;0000000000;NULL;NULL;565656;NULL;202211;NULL;NULL;NULL;NULL
0000000;2022-11-16 00:00:00;D;PAGO 0000 000 xxxx;NULL;NULL;1400,00;0,00;CO;NULL;2022-11-16 00:00:00;NULL;1101;NULL;1;NULL;NULL;NULL;NULL;NULL;2500000343;0000;RRRR;01;01;0000;000;NULL;NULL;NULL;NULL;5054;NULL;NULL;NULL;2500000343;NULL;NULL;NULL;NULL;NULL;0000000000;NULL;NULL;565656;NULL;202211;NULL;NULL;NULL;NULL
0000007;2022-11-16 00:00:00;D;PAGO 2022 005 OBSA;NULL;NULL;770,00;0,00;CO;NULL;2022-11-16 00:00:00;NULL;1101;NULL;1;NULL;NULL;NULL;NULL;NULL;0500001495;0000;RRRR;01;01;0000;000;NULL;NULL;NULL;NULL;5055;NULL;NULL;NULL;0500001495;NULL;NULL;NULL;NULL;NULL;0000000000;NULL;NULL;565656;NULL;202211;NULL;NULL;NULL;NULL
0000000;2022-11-15 00:00:00;D;PAGO 0000 000 xxxx;NULL;NULL;2100,00;0,00;CO;NULL;2022-11-15 00:00:00;NULL;1101;NULL;1;NULL;NULL;NULL;NULL;NULL;2500000342;0000;RRRR;01;01;0000;000;NULL;NULL;NULL;NULL;5056;NULL;NULL;NULL;2500000342;NULL;NULL;NULL;NULL;NULL;0000000000;NULL;NULL;565656;NULL;202211;NULL;NULL;NULL;NULL
0000135;2022-11-11 00:00:00;D;PAGO 2018 004 OBSA;NULL;NULL;625,75;0,00;CO;NULL;2022-11-11 00:00:00;NULL;1101;NULL;1;NULL;NULL;NULL;NULL;NULL;0500004095;0000;RRRR;01;01;0000;000;NULL;NULL;NULL;NULL;5057;NULL;NULL;NULL;0500004095;NULL;NULL;NULL;NULL;NULL;0000003172;NULL;NULL;565656;NULL;202211;NULL;NULL;NULL;NULL
0000137;2022-11-10 00:00:00;D;PAGO 2022 002 CICI;NULL;NULL;6440,00;0,00;CO;NULL;2022-11-10 00:00:00;NULL;1101;NULL;1;NULL;NULL;NULL;NULL;NULL;0200000673;0000;RRRR;01;01;0000;000;NULL;NULL;NULL;NULL;5058;NULL;NULL;NULL;0200000673;NULL;NULL;NULL;NULL;NULL;0000000000;NULL;NULL;565656;NULL;202211;NULL;NULL;NULL;NULL
0000078;2022-11-07 00:00:00;D;PAGO 2022 005 AUAU;NULL;NULL;1450,92;0,00;CO;NULL;2022-11-07 00:00:00;NULL;1101;NULL;1;NULL;NULL;NULL;NULL;NULL;0300011030;0000;RRRR;01;01;0000;000;NULL;NULL;NULL;NULL;5059;NULL;NULL;NULL;0300011030;NULL;NULL;NULL;NULL;NULL;0000011265;NULL;NULL;565656;NULL;202211;NULL;NULL;NULL;NULL
0000000;2022-11-04 00:00:00;D;PAGO 0000 000 xxxx;NULL;NULL;1960,00;0,00;CO;NULL;2022-11-04 00:00:00;NULL;1101;NULL;1;NULL;NULL;NULL;NULL;NULL;2500000340;0000;RRRR;01;01;0000;000;NULL;NULL;NULL;NULL;5061;NULL;NULL;NULL;2500000340;NULL;NULL;NULL;NULL;NULL;0000000000;NULL;NULL;565656;NULL;202211;NULL;NULL;NULL;NULL
0000000;2022-11-04 00:00:00;D;PAGO 0000 000 xxxx;NULL;NULL;2380,00;0,00;CO;NULL;2022-11-04 00:00:00;NULL;1101;NULL;1;NULL;NULL;NULL;NULL;NULL;2500000339;0000;RRRR;01;01;0000;000;NULL;NULL;NULL;NULL;5062;NULL;NULL;NULL;2500000339;NULL;NULL;NULL;NULL;NULL;0000000000;NULL;NULL;565656;NULL;202211;NULL;NULL;NULL;NULL
0000000;2022-11-04 00:00:00;D;PAGO 0000 000 xxxx;NULL;NULL;2380,00;0,00;CO;NULL;2022-11-04 00:00:00;NULL;1101;NULL;1;NULL;NULL;NULL;NULL;NULL;2500000338;0000;RRRR;01;01;0000;000;NULL;NULL;NULL;NULL;5063;NULL;NULL;NULL;2500000338;NULL;NULL;NULL;NULL;NULL;0000000000;NULL;NULL;565656;NULL;202211;NULL;NULL;NULL;NULL
0000000;2022-11-02 00:00:00;D;PAGO 0000 000 xxxx;NULL;NULL;670,00;0,00;CO;NULL;2022-11-02 00:00:00;NULL;1101;NULL;1;NULL;NULL;NULL;NULL;NULL;2500000337;0000;RRRR;01;01;0000;000;NULL;NULL;NULL;NULL;5064;NULL;NULL;NULL;2500000337;NULL;NULL;NULL;NULL;NULL;0000000000;NULL;NULL;565656;NULL;202211;NULL;NULL;NULL;NULL
0000127;2022-10-28 00:00:00;D;PAGO 2022 005 AUAU;NULL;NULL;3374,92;0,00;CO;NULL;2022-10-28 00:00:00;NULL;1101;NULL;1;NULL;NULL;NULL;NULL;NULL;0300011149;0000;RRRR;01;01;0000;000;NULL;NULL;NULL;NULL;5065;NULL;NULL;NULL;0300011149;NULL;NULL;NULL;NULL;NULL;0000011263;NULL;NULL;565656;NULL;202210;NULL;NULL;NULL;NULL
0000127;2022-10-28 00:00:00;D;PAGO 2022 004 AUAU;NULL;NULL;4467,55;0,00;CO;NULL;2022-10-28 00:00:00;NULL;1101;NULL;1;NULL;NULL;NULL;NULL;NULL;0300011148;0000;RRRR;01;01;0000;000;NULL;NULL;NULL;NULL;5066;NULL;NULL;NULL;0300011148;NULL;NULL;NULL;NULL;NULL;0000011263;NULL;NULL;565656;NULL;202210;NULL;NULL;NULL;NULL
0000000;2022-10-26 00:00:00;D;PAGO 0000 000 xxxx;NULL;NULL;1680,00;0,00;CO;NULL;2022-10-26 00:00:00;NULL;1101;NULL;1;NULL;NULL;NULL;NULL;NULL;2500000335;0000;RRRR;01;01;0000;000;NULL;NULL;NULL;NULL;5067;NULL;NULL;NULL;2500000335;NULL;NULL;NULL;NULL;NULL;0000000000;NULL;NULL;565656;NULL;202210;NULL;NULL;NULL;NULL
0000000;2022-10-25 00:00:00;D;PAGO 0000 000 xxxx;NULL;NULL;1960,00;0,00;CO;NULL;2022-10-25 00:00:00;NULL;1101;NULL;1;NULL;NULL;NULL;NULL;NULL;2500000334;0000;RRRR;01;01;0000;000;NULL;NULL;NULL;NULL;5068;NULL;NULL;NULL;2500000334;NULL;NULL;NULL;NULL;NULL;0000000000;NULL;NULL;565656;NULL;202210;NULL;NULL;NULL;NULL
0000000;2022-10-25 00:00:00;D;PAGO 0000 000 xxxx;NULL;NULL;750,00;0,00;CO;NULL;2022-10-25 00:00:00;NULL;1101;NULL;1;NULL;NULL;NULL;NULL;NULL;2500000333;0000;RRRR;01;01;0000;000;NULL;NULL;NULL;NULL;5069;NULL;NULL;NULL;2500000333;NULL;NULL;NULL;NULL;NULL;0000000000;NULL;NULL;565656;NULL;202210;NULL;NULL;NULL;NULL
0000000;2022-10-25 00:00:00;D;PAGO 0000 000 xxxx;NULL;NULL;1680,00;0,00;CO;NULL;2022-10-25 00:00:00;NULL;1101;NULL;1;NULL;NULL;NULL;NULL;NULL;2500000332;0000;RRRR;01;01;0000;000;NULL;NULL;NULL;NULL;5070;NULL;NULL;NULL;2500000332;NULL;NULL;NULL;NULL;NULL;0000000000;NULL;NULL;565656;NULL;202210;NULL;NULL;NULL;NULL
0000018;2022-10-25 00:00:00;D;PAGO 2022 004 OBSA;NULL;NULL;789,25;0,00;CO;NULL;2022-10-25 00:00:00;NULL;1101;NULL;1;NULL;NULL;NULL;NULL;NULL;0500001632;0000;RRRR;01;01;0000;000;NULL;NULL;NULL;NULL;5071;NULL;NULL;NULL;0500001632;NULL;NULL;NULL;NULL;NULL;0000003168;NULL;NULL;565656;NULL;202210;NULL;NULL;NULL;NULL
0000000;2022-10-24 00:00:00;D;PAGO 0000 000 xxxx;NULL;NULL;2380,00;0,00;CO;NULL;2022-10-24 00:00:00;NULL;1101;NULL;1;NULL;NULL;NULL;NULL;NULL;2500000331;0000;RRRR;01;01;0000;000;NULL;NULL;NULL;NULL;5072;NULL;NULL;NULL;2500000331;NULL;NULL;NULL;NULL;NULL;0000000000;NULL;NULL;565656;NULL;202210;NULL;NULL;NULL;NULL
0000000;2022-10-21 00:00:00;D;PAGO 0000 000 xxxx;NULL;NULL;1960,00;0,00;CO;NULL;2022-10-21 00:00:00;NULL;1101;NULL;1;NULL;NULL;NULL;NULL;NULL;2500000330;0000;RRRR;01;01;0000;000;NULL;NULL;NULL;NULL;5073;NULL;NULL;NULL;2500000330;NULL;NULL;NULL;NULL;NULL;0000000000;NULL;NULL;565656;NULL;202210;NULL;NULL;NULL;NULL
0000000;2022-10-21 00:00:00;D;PAGO 0000 000 xxxx;NULL;NULL;1750,00;0,00;CO;NULL;2022-10-21 00:00:00;NULL;1101;NULL;1;NULL;NULL;NULL;NULL;NULL;2500000329;0000;RRRR;01;01;0000;000;NULL;NULL;NULL;NULL;5074;NULL;NULL;NULL;2500000329;NULL;NULL;NULL;NULL;NULL;0000000000;NULL;NULL;565656;NULL;202210;NULL;NULL;NULL;NULL
0000000;2022-10-21 00:00:00;D;PAGO 0000 000 xxxx;NULL;NULL;1470,00;0,00;CO;NULL;2022-10-21 00:00:00;NULL;1101;NULL;1;NULL;NULL;NULL;NULL;NULL;2500000328;0000;RRRR;01;01;0000;000;NULL;NULL;NULL;NULL;5075;NULL;NULL;NULL;2500000328;NULL;NULL;NULL;NULL;NULL;0000000000;NULL;NULL;565656;NULL;202210;NULL;NULL;NULL;NULL
0000000;2022-10-21 00:00:00;D;PAGO 0000 000 xxxx;NULL;NULL;1680,00;0,00;CO;NULL;2022-10-21 00:00:00;NULL;1101;NULL;1;NULL;NULL;NULL;NULL;NULL;2500000327;0000;RRRR;01;01;0000;000;NULL;NULL;NULL;NULL;5076;NULL;NULL;NULL;2500000327;NULL;NULL;NULL;NULL;NULL;0000000000;NULL;NULL;565656;NULL;202210;NULL;NULL;NULL;NULL
0000139;2022-10-20 00:00:00;D;PAGO 2022 004 OBSA;NULL;NULL;785,40;0,00;CO;NULL;2022-10-20 00:00:00;NULL;1101;NULL;1;NULL;NULL;NULL;NULL;NULL;0500002243;0000;RRRR;01;01;0000;000;NULL;NULL;NULL;NULL;5077;NULL;NULL;NULL;0500002243;NULL;NULL;NULL;NULL;NULL;0000003163;NULL;NULL;565656;NULL;202210;NULL;NULL;NULL;NULL
0000000;2022-10-18 00:00:00;D;PAGO 0000 000 xxxx;NULL;NULL;1960,00;0,00;CO;NULL;2022-10-18 00:00:00;NULL;1101;NULL;1;NULL;NULL;NULL;NULL;NULL;2500000326;0000;RRRR;01;01;0000;000;NULL;NULL;NULL;NULL;5078;NULL;NULL;NULL;2500000326;NULL;NULL;NULL;NULL;NULL;0000000000;NULL;NULL;565656;NULL;202210;NULL;NULL;NULL;NULL
0000083;2022-10-17 00:00:00;D;PAGO 2022 005 AUAU;NULL;NULL;7262,30;0,00;CO;NULL;2022-10-17 00:00:00;NULL;1101;NULL;1;NULL;NULL;NULL;NULL;NULL;0300011191;0000;RRRR;01;01;0000;000;NULL;NULL;NULL;NULL;5079;NULL;NULL;NULL;0300011191;NULL;NULL;NULL;NULL;NULL;0000000000;NULL;NULL;565656;NULL;202210;NULL;NULL;NULL;NULL
0000090;2022-10-17 00:00:00;D;PAGO 2022 005 AUAU;NULL;NULL;616,36;0,00;CO;NULL;2022-10-17 00:00:00;NULL;1101;NULL;1;NULL;NULL;NULL;NULL;NULL;0300011037;0000;RRRR;01;01;0000;000;NULL;NULL;NULL;NULL;5080;NULL;NULL;NULL;0300011037;NULL;NULL;NULL;NULL;NULL;0000000000;NULL;NULL;565656;NULL;202210;NULL;NULL;NULL;NULL
0000000;2022-10-14 00:00:00;D;PAGO 0000 000 xxxx;NULL;NULL;1960,00;0,00;CO;NULL;2022-10-14 00:00:00;NULL;1101;NULL;1;NULL;NULL;NULL;NULL;NULL;2500000325;0000;RRRR;01;01;0000;000;NULL;NULL;NULL;NULL;5081;NULL;NULL;NULL;2500000325;NULL;NULL;NULL;NULL;NULL;0000000000;NULL;NULL;565656;NULL;202210;NULL;NULL;NULL;NULL
0000110;2022-10-11 00:00:00;D;PAGO 2022 005 AUAU;NULL;NULL;2033,62;0,00;CO;NULL;2022-10-11 00:00:00;NULL;1101;NULL;1;NULL;NULL;NULL;NULL;NULL;0300011212;0000;RRRR;01;01;0000;000;NULL;NULL;NULL;NULL;5082;NULL;NULL;NULL;0300011212;NULL;NULL;NULL;NULL;NULL;0000000000;NULL;NULL;565656;NULL;202210;NULL;NULL;NULL;NULL
0000135;2022-10-05 00:00:00;D;PAGO 2018 003 OBSA;NULL;NULL;632,00;0,00;CO;NULL;2022-10-05 00:00:00;NULL;1101;NULL;1;NULL;NULL;NULL;NULL;NULL;0500004043;0000;RRRR;01;01;0000;000;NULL;NULL;NULL;NULL;5083;NULL;NULL;NULL;0500004043;NULL;NULL;NULL;NULL;NULL;0000003162;NULL;NULL;565656;NULL;202210;NULL;NULL;NULL;NULL
0000000;2022-10-05 00:00:00;D;PAGO 0000 000 xxxx;NULL;NULL;1470,00;0,00;CO;NULL;2022-10-05 00:00:00;NULL;1101;NULL;1;NULL;NULL;NULL;NULL;NULL;2500000324;0000;RRRR;01;01;0000;000;NULL;NULL;NULL;NULL;5084;NULL;NULL;NULL;2500000324;NULL;NULL;NULL;NULL;NULL;0000000000;NULL;NULL;565656;NULL;202210;NULL;NULL;NULL;NULL
